Наименование,Цена
"Казан Vari L90003 черный [3 л, корпус - алюминий, крышка - алюминий]",1 099 ₽
"Казан Kukmara КМТ37а черный [3.5 л, корпус - алюминий, крышка - стекло]",1 999 ₽
"Казан Мечта Гранит 54701 серый [4 л, корпус - алюминий, крышка - стекло]",2 099 ₽
"Казан Мечта Гранит 54802 черный [4 л, корпус - алюминий, крышка - стекло]",2 099 ₽
"Казан Мечта Гранит 54806 коричневый [4 л, корпус - алюминий, крышка - стекло]",2 099 ₽
"Казан Мечта Гранит Star 54803 серый [4 л, корпус - алюминий, крышка - термостойкое стекло]",2 199 ₽
"Казан Мечта Гранит 55806 коричневый [5 л, корпус - алюминий, крышка - стекло]",2 250 ₽
"Казан Kukmara К45а черный [4.5 л, корпус - алюминий, крышка - алюминий]",2 299 ₽
"Казан Мечта Гранит 56701 серый [6 л, корпус - алюминий, крышка - стекло]",2 399 ₽
"Казан Мечта Гранит 56806 коричневый [6 л, корпус - алюминий, крышка - стекло]",2 399 ₽
"Казан Мечта Гранит Star 56803 серый [6 л, корпус - алюминий, крышка - термостойкое стекло]",2 399 ₽
"Казан НМП 6850 черный [5 л, корпус - алюминий, крышка - алюминий]",2 599 ₽
